<ImportExportXml version="8.2.0001.0289" SolutionPackageVersion="8.2" languagecode="1033" generatedBy="CrmLive" xmlns:xsi="http://www.w3.org/2001/XMLSchema-instance">
  <SolutionManifest>
    <UniqueName>Admission</UniqueName>
    <LocalizedNames>
      <LocalizedName description="Admission" languagecode="1033" />
    </LocalizedNames>
    <Descriptions />
    <Version>1.0.1</Version>
    <Managed>0</Managed>
    <Publisher>
      <UniqueName>DefaultPublisherinternproject2017</UniqueName>
      <LocalizedNames>
        <LocalizedName description="Default Publisher for internproject2017" languagecode="1033" />
      </LocalizedNames>
      <Descriptions>
        <Description description="Default publisher for this organization" languagecode="1033" />
      </Descriptions>
      <EMailAddress xsi:nil="true"></EMailAddress>
      <SupportingWebsiteUrl xsi:nil="true"></SupportingWebsiteUrl>
      <CustomizationPrefix>new</CustomizationPrefix>
      <CustomizationOptionValuePrefix>10000</CustomizationOptionValuePrefix>
      <Addresses>
        <Address>
          <AddressNumber>1</AddressNumber>
          <AddressTypeCode xsi:nil="true"></AddressTypeCode>
          <City xsi:nil="true"></City>
          <County xsi:nil="true"></County>
          <Country xsi:nil="true"></Country>
          <Fax xsi:nil="true"></Fax>
          <FreightTermsCode xsi:nil="true"></FreightTermsCode>
          <ImportSequenceNumber xsi:nil="true"></ImportSequenceNumber>
          <Latitude xsi:nil="true"></Latitude>
          <Line1 xsi:nil="true"></Line1>
          <Line2 xsi:nil="true"></Line2>
          <Line3 xsi:nil="true"></Line3>
          <Longitude xsi:nil="true"></Longitude>
          <Name xsi:nil="true"></Name>
          <PostalCode xsi:nil="true"></PostalCode>
          <PostOfficeBox xsi:nil="true"></PostOfficeBox>
          <PrimaryContactName xsi:nil="true"></PrimaryContactName>
          <ShippingMethodCode xsi:nil="true"></ShippingMethodCode>
          <StateOrProvince xsi:nil="true"></StateOrProvince>
          <Telephone1 xsi:nil="true"></Telephone1>
          <Telephone2 xsi:nil="true"></Telephone2>
          <Telephone3 xsi:nil="true"></Telephone3>
          <TimeZoneRuleVersionNumber xsi:nil="true"></TimeZoneRuleVersionNumber>
          <UPSZone xsi:nil="true"></UPSZone>
          <UTCOffset xsi:nil="true"></UTCOffset>
          <UTCConversionTimeZoneCode xsi:nil="true"></UTCConversionTimeZoneCode>
        </Address>
        <Address>
          <AddressNumber>2</AddressNumber>
          <AddressTypeCode xsi:nil="true"></AddressTypeCode>
          <City xsi:nil="true"></City>
          <County xsi:nil="true"></County>
          <Country xsi:nil="true"></Country>
          <Fax xsi:nil="true"></Fax>
          <FreightTermsCode xsi:nil="true"></FreightTermsCode>
          <ImportSequenceNumber xsi:nil="true"></ImportSequenceNumber>
          <Latitude xsi:nil="true"></Latitude>
          <Line1 xsi:nil="true"></Line1>
          <Line2 xsi:nil="true"></Line2>
          <Line3 xsi:nil="true"></Line3>
          <Longitude xsi:nil="true"></Longitude>
          <Name xsi:nil="true"></Name>
          <PostalCode xsi:nil="true"></PostalCode>
          <PostOfficeBox xsi:nil="true"></PostOfficeBox>
          <PrimaryContactName xsi:nil="true"></PrimaryContactName>
          <ShippingMethodCode xsi:nil="true"></ShippingMethodCode>
          <StateOrProvince xsi:nil="true"></StateOrProvince>
          <Telephone1 xsi:nil="true"></Telephone1>
          <Telephone2 xsi:nil="true"></Telephone2>
          <Telephone3 xsi:nil="true"></Telephone3>
          <TimeZoneRuleVersionNumber xsi:nil="true"></TimeZoneRuleVersionNumber>
          <UPSZone xsi:nil="true"></UPSZone>
          <UTCOffset xsi:nil="true"></UTCOffset>
          <UTCConversionTimeZoneCode xsi:nil="true"></UTCConversionTimeZoneCode>
        </Address>
      </Addresses>
    </Publisher>
    <RootComponents>
      <RootComponent type="1" schemaName="lead" behavior="1" />
      <RootComponent type="1" schemaName="new_counter" behavior="0" />
      <RootComponent type="1" schemaName="opportunity" behavior="1" />
      <RootComponent type="29" id="{3c4f0065-ed0b-e611-80ff-00155de26607}" behavior="0" />
      <RootComponent type="29" id="{4299d1bf-ca60-e711-8121-c4346bdc5e51}" behavior="0" />
      <RootComponent type="29" id="{5362b726-7da2-4804-96da-346faa82c53f}" behavior="0" />
      <RootComponent type="29" id="{a2174ce1-b560-e711-8121-c4346bdc5e51}" behavior="0" />
      <RootComponent type="29" id="{a875f557-9560-e711-8121-c4346bdc5e51}" behavior="0" />
      <RootComponent type="29" id="{cac274d3-c160-e711-8121-c4346bdc5e51}" behavior="0" />
      <RootComponent type="29" id="{cb2f3645-86be-4060-ae58-f34ad063c02e}" behavior="0" />
      <RootComponent type="29" id="{d483cc75-c860-e711-8121-c4346bdc5e51}" behavior="0" />
      <RootComponent type="29" id="{e3066360-9760-e711-8121-c4346bdc5e51}" behavior="0" />
      <RootComponent type="29" id="{e34f64df-9247-e511-80e9-00155dbc6f08}" behavior="0" />
      <RootComponent type="36" id="{3b3876e1-4c69-e711-8121-c4346bdc5e51}" behavior="0" />
      <RootComponent type="36" id="{e9f478ae-1a69-e711-8121-c4346bdc5e51}" behavior="0" />
      <RootComponent type="60" id="{1e713852-6116-4dee-9b26-f88668721006}" behavior="0" />
      <RootComponent type="60" id="{2e5bb425-abef-4661-9ed7-df5cb28f2ed4}" behavior="0" />
      <RootComponent type="60" id="{63aca3b7-723a-4118-9c47-ea8c361143bb}" behavior="0" />
      <RootComponent type="60" id="{6e8d991d-cd27-435f-8422-501ee7d4531c}" behavior="0" />
      <RootComponent type="60" id="{8335a04b-dc80-44b0-83ab-11ed80f93d3e}" behavior="0" />
      <RootComponent type="60" id="{9886ead0-4fcc-4747-9a18-08e7a9a6de71}" behavior="0" />
      <RootComponent type="60" id="{a2a56263-ec37-4991-a3b0-e7b37a71d818}" behavior="0" />
      <RootComponent type="60" id="{a837e4a7-01b8-4f82-a475-be9abd67e667}" behavior="0" />
      <RootComponent type="60" id="{aa7c154f-e2f8-45db-b780-a9a8a96332fe}" behavior="0" />
      <RootComponent type="60" id="{e3b6ddb7-8df0-4410-ac7b-fd32e5053d38}" behavior="0" />
      <RootComponent type="60" id="{e3c588ee-8e11-49da-a5fe-3800f3f683de}" behavior="0" />
      <RootComponent type="60" id="{fc278fff-83b8-41e0-b9e3-b63e8f8e2337}" behavior="0" />
    </RootComponents>
    <MissingDependencies>
      <MissingDependency>
        <Required key="0" type="1" schemaName="new_configuration" displayName="Configuration" solution="Active" />
        <Dependent key="1" type="60" displayName="Information" parentDisplayName="Configuration" id="{6e8d991d-cd27-435f-8422-501ee7d4531c}" />
      </MissingDependency>
      <MissingDependency>
        <Required key="2" type="2" schemaName="new_counter" displayName="Counter" parentSchemaName="new_configuration" parentDisplayName="Configuration" solution="Active" />
        <Dependent key="1" type="60" displayName="Information" parentDisplayName="Configuration" id="{6e8d991d-cd27-435f-8422-501ee7d4531c}" />
      </MissingDependency>
      <MissingDependency>
        <Required key="3" type="2" schemaName="ownerid" displayName="Owner" parentSchemaName="new_configuration" parentDisplayName="Configuration" solution="Active" />
        <Dependent key="1" type="60" displayName="Information" parentDisplayName="Configuration" id="{6e8d991d-cd27-435f-8422-501ee7d4531c}" />
      </MissingDependency>
      <MissingDependency>
        <Required key="4" type="2" schemaName="new_name" displayName="Name" parentSchemaName="new_configuration" parentDisplayName="Configuration" solution="Active" />
        <Dependent key="1" type="60" displayName="Information" parentDisplayName="Configuration" id="{6e8d991d-cd27-435f-8422-501ee7d4531c}" />
      </MissingDependency>
      <MissingDependency>
        <Required key="5" type="2" schemaName="msdyn_ordertype" displayName="Order Type" parentSchemaName="opportunity" parentDisplayName="Opportunity" solution="ProjectService (1.2.0.69)" />
        <Dependent key="6" type="29" displayName="Contracting Unit is Required" id="{3c4f0065-ed0b-e611-80ff-00155de26607}" />
      </MissingDependency>
      <MissingDependency>
        <Required key="5" type="2" schemaName="msdyn_ordertype" displayName="Order Type" parentSchemaName="opportunity" parentDisplayName="Opportunity" solution="ProjectService (1.2.0.69)" />
        <Dependent key="7" type="29" displayName="Account field is required" id="{e34f64df-9247-e511-80e9-00155dbc6f08}" />
      </MissingDependency>
      <MissingDependency>
        <Required key="8" type="2" schemaName="int_discountapproved" displayName="Discount Approved?" parentSchemaName="opportunity" parentDisplayName="Opportunity" solution="FreeTrialBaseSolution2 (2.1.0.0)" />
        <Dependent key="8" type="2" schemaName="int_discountapproved" displayName="Discount Approved?" parentSchemaName="opportunity" parentDisplayName="Opportunity" />
      </MissingDependency>
      <MissingDependency>
        <Required key="9" type="2" schemaName="msdyn_workordertype" displayName="Work Order Type" parentSchemaName="opportunity" parentDisplayName="Opportunity" solution="FieldService (6.2.0.342)" />
        <Dependent key="9" type="2" schemaName="msdyn_workordertype" displayName="Work Order Type" parentSchemaName="opportunity" parentDisplayName="Opportunity" />
      </MissingDependency>
      <MissingDependency>
        <Required key="10" type="2" schemaName="new_forecast_base" displayName="Forecast (old) (Base)" parentSchemaName="opportunity" parentDisplayName="Opportunity" solution="FreeTrialBaseSolution2 (2.1.0.0)" />
        <Dependent key="10" type="2" schemaName="new_forecast_base" displayName="Forecast (old) (Base)" parentSchemaName="opportunity" parentDisplayName="Opportunity" />
      </MissingDependency>
      <MissingDependency>
        <Required key="11" type="2" schemaName="int_addtoforecast" displayName="Add to Forecast" parentSchemaName="opportunity" parentDisplayName="Opportunity" solution="FreeTrialBaseSolution2 (2.1.0.0)" />
        <Dependent key="11" type="2" schemaName="int_addtoforecast" displayName="Add to Forecast" parentSchemaName="opportunity" parentDisplayName="Opportunity" />
      </MissingDependency>
      <MissingDependency>
        <Required key="12" type="2" schemaName="int_forecast" displayName="Forecast" parentSchemaName="opportunity" parentDisplayName="Opportunity" solution="FreeTrialBaseSolution2 (2.1.0.0)" />
        <Dependent key="12" type="2" schemaName="int_forecast" displayName="Forecast" parentSchemaName="opportunity" parentDisplayName="Opportunity" />
      </MissingDependency>
      <MissingDependency>
        <Required key="13" type="2" schemaName="new_forecast" displayName="Forecast (old)" parentSchemaName="opportunity" parentDisplayName="Opportunity" solution="FreeTrialBaseSolution2 (2.1.0.0)" />
        <Dependent key="13" type="2" schemaName="new_forecast" displayName="Forecast (old)" parentSchemaName="opportunity" parentDisplayName="Opportunity" />
      </MissingDependency>
      <MissingDependency>
        <Required key="14" type="2" schemaName="msdyn_contractorganizationalunitid" displayName="Contracting Unit" parentSchemaName="opportunity" parentDisplayName="Opportunity" solution="ProjectService (1.2.0.69)" />
        <Dependent key="14" type="2" schemaName="msdyn_contractorganizationalunitid" displayName="Contracting Unit" parentSchemaName="opportunity" parentDisplayName="Opportunity" />
      </MissingDependency>
      <MissingDependency>
        <Required key="15" type="2" schemaName="new_addtoforecast" displayName="Add to Forecast (old)" parentSchemaName="opportunity" parentDisplayName="Opportunity" solution="FreeTrialBaseSolution2 (2.1.0.0)" />
        <Dependent key="15" type="2" schemaName="new_addtoforecast" displayName="Add to Forecast (old)" parentSchemaName="opportunity" parentDisplayName="Opportunity" />
      </MissingDependency>
      <MissingDependency>
        <Required key="5" type="2" schemaName="msdyn_ordertype" displayName="Order Type" parentSchemaName="opportunity" parentDisplayName="Opportunity" solution="ProjectService (1.2.0.69)" />
        <Dependent key="5" type="2" schemaName="msdyn_ordertype" displayName="Order Type" parentSchemaName="opportunity" parentDisplayName="Opportunity" />
      </MissingDependency>
      <MissingDependency>
        <Required key="16" type="2" schemaName="int_forecast_base" displayName="Forecast (Base)" parentSchemaName="opportunity" parentDisplayName="Opportunity" solution="FreeTrialBaseSolution2 (2.1.0.0)" />
        <Dependent key="16" type="2" schemaName="int_forecast_base" displayName="Forecast (Base)" parentSchemaName="opportunity" parentDisplayName="Opportunity" />
      </MissingDependency>
      <MissingDependency>
        <Required key="17" type="2" schemaName="msdyn_accountmanagerid" displayName="Account Manager" parentSchemaName="opportunity" parentDisplayName="Opportunity" solution="ProjectService (1.2.0.69)" />
        <Dependent key="17" type="2" schemaName="msdyn_accountmanagerid" displayName="Account Manager" parentSchemaName="opportunity" parentDisplayName="Opportunity" />
      </MissingDependency>
      <MissingDependency>
        <Required key="18" type="2" schemaName="msdyn_ordertype" displayName="Type" parentSchemaName="lead" parentDisplayName="Lead" solution="ProjectService (1.2.0.69)" />
        <Dependent key="18" type="2" schemaName="msdyn_ordertype" displayName="Type" parentSchemaName="lead" parentDisplayName="Lead" />
      </MissingDependency>
      <MissingDependency>
        <Required key="19" type="10" schemaName="new_new_counter_lead" displayName="new_new_counter_lead" parentSchemaName="lead" parentDisplayName="Lead" solution="Active" />
        <Dependent key="20" type="2" schemaName="new_counter_leadid" displayName="Counter_Lead" parentSchemaName="lead" parentDisplayName="Lead" />
      </MissingDependency>
      <MissingDependency>
        <Required key="19" type="10" schemaName="new_new_counter_lead" displayName="new_new_counter_lead" parentSchemaName="lead" parentDisplayName="Lead" solution="Active" />
        <Dependent key="21" type="29" displayName="Autonumber-Lead" id="{5362b726-7da2-4804-96da-346faa82c53f}" />
      </MissingDependency>
      <MissingDependency>
        <Required key="22" type="10" schemaName="new_new_counter_opportunity" displayName="new_new_counter_opportunity" parentSchemaName="opportunity" parentDisplayName="Opportunity" solution="Active" />
        <Dependent key="23" type="29" displayName="Autonumber-Opportunity" id="{cb2f3645-86be-4060-ae58-f34ad063c02e}" />
      </MissingDependency>
      <MissingDependency>
        <Required key="22" type="10" schemaName="new_new_counter_opportunity" displayName="new_new_counter_opportunity" parentSchemaName="opportunity" parentDisplayName="Opportunity" solution="Active" />
        <Dependent key="24" type="2" schemaName="new_counter_opportunityid" displayName="Counter_Opportunity" parentSchemaName="opportunity" parentDisplayName="Opportunity" />
      </MissingDependency>
      <MissingDependency>
        <Required key="22" type="10" schemaName="new_new_counter_opportunity" displayName="new_new_counter_opportunity" parentSchemaName="opportunity" parentDisplayName="Opportunity" solution="Active" />
        <Dependent key="25" type="60" displayName="Opportunity" parentDisplayName="Opportunity" id="{a837e4a7-01b8-4f82-a475-be9abd67e667}" />
      </MissingDependency>
      <MissingDependency>
        <Required key="26" type="10" schemaName="msdyn_opportunity_msdyn_workorder" displayName="msdyn_opportunity_msdyn_workorder" parentSchemaName="msdyn_workorder" parentDisplayName="Work Order" solution="FieldService (6.2.0.342)" />
        <Dependent key="25" type="60" displayName="Opportunity" parentDisplayName="Opportunity" id="{a837e4a7-01b8-4f82-a475-be9abd67e667}" />
      </MissingDependency>
      <MissingDependency>
        <Required key="19" type="10" schemaName="new_new_counter_lead" displayName="new_new_counter_lead" parentSchemaName="lead" parentDisplayName="Lead" solution="Active" />
        <Dependent key="27" type="60" displayName="Lead" parentDisplayName="Lead" id="{e3b6ddb7-8df0-4410-ac7b-fd32e5053d38}" />
      </MissingDependency>
      <MissingDependency>
        <Required key="7" type="29" displayName="Account field is required" solution="ProjectService (1.2.0.69)" id="{e34f64df-9247-e511-80e9-00155dbc6f08}" />
        <Dependent key="7" type="29" displayName="Account field is required" id="{e34f64df-9247-e511-80e9-00155dbc6f08}" />
      </MissingDependency>
      <MissingDependency>
        <Required key="6" type="29" displayName="Contracting Unit is Required" solution="ProjectService (1.2.0.69)" id="{3c4f0065-ed0b-e611-80ff-00155de26607}" />
        <Dependent key="6" type="29" displayName="Contracting Unit is Required" id="{3c4f0065-ed0b-e611-80ff-00155de26607}" />
      </MissingDependency>
      <MissingDependency>
        <Required key="28" type="60" displayName="Project Information" parentDisplayName="Opportunity" solution="ProjectService (1.2.0.69)" id="{2e5bb425-abef-4661-9ed7-df5cb28f2ed4}" />
        <Dependent key="7" type="29" displayName="Account field is required" id="{e34f64df-9247-e511-80e9-00155dbc6f08}" />
      </MissingDependency>
      <MissingDependency>
        <Required key="29" type="60" displayName="Field Service Information" parentDisplayName="Opportunity" solution="FieldService (6.2.0.342)" id="{8335a04b-dc80-44b0-83ab-11ed80f93d3e}" />
        <Dependent key="29" type="60" displayName="Field Service Information" parentDisplayName="Opportunity" id="{8335a04b-dc80-44b0-83ab-11ed80f93d3e}" />
      </MissingDependency>
      <MissingDependency>
        <Required key="28" type="60" displayName="Project Information" parentDisplayName="Opportunity" solution="ProjectService (1.2.0.69)" id="{2e5bb425-abef-4661-9ed7-df5cb28f2ed4}" />
        <Dependent key="28" type="60" displayName="Project Information" parentDisplayName="Opportunity" id="{2e5bb425-abef-4661-9ed7-df5cb28f2ed4}" />
      </MissingDependency>
      <MissingDependency>
        <Required key="30" type="61" schemaName="new_test" displayName="new_test" solution="Active" />
        <Dependent key="27" type="60" displayName="Lead" parentDisplayName="Lead" id="{e3b6ddb7-8df0-4410-ac7b-fd32e5053d38}" />
      </MissingDependency>
      <MissingDependency>
        <Required key="31" type="61" schemaName="msdyn_/RecordWall.htm" displayName="msdyn_/RecordWall.htm" solution="ActivityFeedsCore (8.2.0.0)" />
        <Dependent key="32" type="60" displayName="Information" parentDisplayName="Lead" id="{9886ead0-4fcc-4747-9a18-08e7a9a6de71}" />
      </MissingDependency>
      <MissingDependency>
        <Required key="33" type="61" schemaName="msdyn_/Libraries/require/require.js" displayName="msdyn_/Libraries/require/require.js" solution="ProjectService (1.2.0.69)" />
        <Dependent key="25" type="60" displayName="Opportunity" parentDisplayName="Opportunity" id="{a837e4a7-01b8-4f82-a475-be9abd67e667}" />
      </MissingDependency>
      <MissingDependency>
        <Required key="31" type="61" schemaName="msdyn_/RecordWall.htm" displayName="msdyn_/RecordWall.htm" solution="ActivityFeedsCore (8.2.0.0)" />
        <Dependent key="34" type="60" displayName="Information" parentDisplayName="Opportunity" id="{a2a56263-ec37-4991-a3b0-e7b37a71d818}" />
      </MissingDependency>
      <MissingDependency>
        <Required key="35" type="61" schemaName="msdyn_/ActivityFeeds.Form.js" displayName="msdyn_/ActivityFeeds.Form.js" solution="ActivityFeedsCore (8.2.0.0)" />
        <Dependent key="34" type="60" displayName="Information" parentDisplayName="Opportunity" id="{a2a56263-ec37-4991-a3b0-e7b37a71d818}" />
      </MissingDependency>
      <MissingDependency>
        <Required key="36" type="61" schemaName="msdyn_/Opportunity/Scripts/OpportunityCoreCrmInitialization.js" displayName="msdyn_/Opportunity/Scripts/OpportunityCoreCrmInitialization.js" solution="ProjectService (1.2.0.69)" />
        <Dependent key="25" type="60" displayName="Opportunity" parentDisplayName="Opportunity" id="{a837e4a7-01b8-4f82-a475-be9abd67e667}" />
      </MissingDependency>
      <MissingDependency>
        <Required key="37" type="61" schemaName="msdyn_/Utils/ResourceLoader.js" displayName="msdyn_/Utils/ResourceLoader.js" solution="FieldService (6.2.0.342)" />
        <Dependent key="25" type="60" displayName="Opportunity" parentDisplayName="Opportunity" id="{a837e4a7-01b8-4f82-a475-be9abd67e667}" />
      </MissingDependency>
      <MissingDependency>
        <Required key="35" type="61" schemaName="msdyn_/ActivityFeeds.Form.js" displayName="msdyn_/ActivityFeeds.Form.js" solution="ActivityFeedsCore (8.2.0.0)" />
        <Dependent key="32" type="60" displayName="Information" parentDisplayName="Lead" id="{9886ead0-4fcc-4747-9a18-08e7a9a6de71}" />
      </MissingDependency>
      <MissingDependency>
        <Required key="38" type="61" schemaName="msdyn_/Utils/head.js" displayName="msdyn_/Utils/head.js" solution="FieldService (6.2.0.342)" />
        <Dependent key="25" type="60" displayName="Opportunity" parentDisplayName="Opportunity" id="{a837e4a7-01b8-4f82-a475-be9abd67e667}" />
      </MissingDependency>
      <MissingDependency>
        <Required key="39" type="61" schemaName="msdyn_/Opportunity/Opportunity.Library.js" displayName="msdyn_/Opportunity/Opportunity.Library.js" solution="FieldService (6.2.0.342)" />
        <Dependent key="25" type="60" displayName="Opportunity" parentDisplayName="Opportunity" id="{a837e4a7-01b8-4f82-a475-be9abd67e667}" />
      </MissingDependency>
    </MissingDependencies>
  </SolutionManifest>
</ImportExportXml>